relative_path,modified,actions
史记/七十列传/万石张叔列传/target.summary.txt,no,
史记/七十列传/东越列传/target.summary.txt,no,
史记/七十列传/乐毅列传/target.summary.txt,no,
史记/七十列传/仲尼弟子列传/target.summary.txt,no,
史记/七十列传/伍子胥列传/target.summary.txt,no,
史记/七十列传/伯夷列传/target.summary.txt,no,
史记/七十列传/佞幸列传/target.summary.txt,no,
史记/七十列传/傅靳蒯成列传/target.summary.txt,no,
史记/七十列传/儒林列传/target.summary.txt,no,
史记/七十列传/刘敬叔孙通列传/target.summary.txt,no,
史记/七十列传/刺客列传/target.summary.txt,no,
史记/七十列传/匈奴列传/target.summary.txt,no,
史记/七十列传/南越列传/target.summary.txt,yes,removed_markdown_summary_header
史记/七十列传/卫将军骠骑列传/target.summary.txt,no,
史记/七十列传/司马相如列传/target.summary.txt,no,
史记/七十列传/司马穰苴列传/target.summary.txt,no,
史记/七十列传/吕不韦列传/target.summary.txt,no,
史记/七十列传/吴王濞列传/target.summary.txt,no,
史记/七十列传/商君列传/target.summary.txt,no,
史记/七十列传/大宛列传/target.summary.txt,no,
史记/七十列传/太史公自序/target.summary.txt,yes,removed_markdown_summary_header
史记/七十列传/孙子吴起列传/target.summary.txt,no,
史记/七十列传/孟子荀卿列传/target.summary.txt,no,
史记/七十列传/孟尝君列传/target.summary.txt,no,
史记/七十列传/季布栾布列传/target.summary.txt,no,
史记/七十列传/屈原贾生列传/target.summary.txt,no,
史记/七十列传/平原君虞卿列传/target.summary.txt,no,
史记/七十列传/平津侯主父列传/target.summary.txt,no,
史记/七十列传/廉颇蔺相如列传/target.summary.txt,no,
史记/七十列传/张丞相列传/target.summary.txt,no,
史记/七十列传/张仪列传/target.summary.txt,no,
史记/七十列传/张耳陈馀列传/target.summary.txt,no,
史记/七十列传/张释之冯唐列传/target.summary.txt,no,
史记/七十列传/循吏列传/target.summary.txt,no,
史记/七十列传/扁鹊仓公列传/target.summary.txt,no,
史记/七十列传/日者列传/target.summary.txt,no,
史记/七十列传/春申君列传/target.summary.txt,no,
史记/七十列传/朝鲜列传/target.summary.txt,no,
史记/七十列传/李将军列传/target.summary.txt,no,
史记/七十列传/李斯列传/target.summary.txt,no,
史记/七十列传/樊郦滕灌列传/target.summary.txt,no,
史记/七十列传/樗里子甘茂列传/target.summary.txt,no,
史记/七十列传/汲郑列传/target.summary.txt,no,
史记/七十列传/淮南衡山列传/target.summary.txt,no,
史记/七十列传/淮阴侯列传/target.summary.txt,no,
史记/七十列传/游侠列传/target.summary.txt,no,
史记/七十列传/滑稽列传/target.summary.txt,no,
史记/七十列传/田儋列传/target.summary.txt,no,
史记/七十列传/田单列传/target.summary.txt,no,
史记/七十列传/田叔列传/target.summary.txt,no,
史记/七十列传/白起王翦列传/target.summary.txt,no,
史记/七十列传/穰侯列传/target.summary.txt,no,
史记/七十列传/管晏列传/target.summary.txt,no,
史记/七十列传/老子韩非列传/target.summary.txt,no,
史记/七十列传/苏秦列传/target.summary.txt,no,
史记/七十列传/范雎蔡泽列传/target.summary.txt,no,
史记/七十列传/蒙恬列传/target.summary.txt,no,
史记/七十列传/袁盎晁错列传/target.summary.txt,no,
史记/七十列传/西南夷列传/target.summary.txt,no,
史记/七十列传/货殖列传/target.summary.txt,no,
史记/七十列传/郦生陆贾列传/target.summary.txt,no,
史记/七十列传/酷吏列传/target.summary.txt,no,
史记/七十列传/韩信卢绾列传/target.summary.txt,no,
史记/七十列传/韩长孺列传/target.summary.txt,no,
史记/七十列传/魏公子列传/target.summary.txt,no,
史记/七十列传/魏其武安侯列传/target.summary.txt,no,
史记/七十列传/魏豹彭越列传/target.summary.txt,no,
史记/七十列传/鲁仲连邹阳列传/target.summary.txt,no,
史记/七十列传/黥布列传/target.summary.txt,no,
史记/七十列传/龟策列传/target.summary.txt,no,
史记/三十世家/三王世家/target.summary.txt,no,
史记/三十世家/五宗世家/target.summary.txt,no,
史记/三十世家/卫康叔世家/target.summary.txt,no,
史记/三十世家/吴太伯世家/target.summary.txt,yes,removed_standalone_intro_line
史记/三十世家/外戚世家/target.summary.txt,yes,removed_markdown_summary_header
史记/三十世家/孔子世家/target.summary.txt,no,
史记/三十世家/宋微子世家/target.summary.txt,no,
史记/三十世家/晋世家/target.summary.txt,yes,removed_markdown_summary_header
史记/三十世家/曹相国世家/target.summary.txt,no,
史记/三十世家/梁孝王世家/target.summary.txt,no,
史记/三十世家/楚世家/target.summary.txt,yes,removed_markdown_summary_header
史记/三十世家/楚元王世家/target.summary.txt,no,
史记/三十世家/燕召公世家/target.summary.txt,no,
史记/三十世家/田敬仲完世家/target.summary.txt,no,
史记/三十世家/留侯世家/target.summary.txt,no,
史记/三十世家/管蔡世家/target.summary.txt,no,
史记/三十世家/绛侯周勃世家/target.summary.txt,no,
史记/三十世家/荆燕世家/target.summary.txt,no,
史记/三十世家/萧相国世家/target.summary.txt,no,
史记/三十世家/赵世家/target.summary.txt,no,
史记/三十世家/越王勾践世家/target.summary.txt,yes,removed_markdown_summary_header
史记/三十世家/郑世家/target.summary.txt,no,
史记/三十世家/陈丞相世家/target.summary.txt,no,
史记/三十世家/陈杞世家/target.summary.txt,no,
史记/三十世家/陈涉世家/target.summary.txt,no,
史记/三十世家/韩世家/target.summary.txt,no,
史记/三十世家/魏世家/target.summary.txt,yes,removed_markdown_summary_header
史记/三十世家/鲁周公世家/target.summary.txt,yes,removed_markdown_summary_header
史记/三十世家/齐太公世家/target.summary.txt,yes,removed_markdown_summary_header
史记/三十世家/齐悼惠王世家/target.summary.txt,no,
史记/十二本纪/五帝本纪/target.summary.txt,yes,removed_markdown_summary_header
史记/十二本纪/吕太后本纪/target.summary.txt,no,
史记/十二本纪/周本纪/target.summary.txt,yes,removed_markdown_summary_header
史记/十二本纪/夏本纪/target.summary.txt,no,
史记/十二本纪/孝文本纪/target.summary.txt,no,
史记/十二本纪/孝景本纪/target.summary.txt,no,
史记/十二本纪/孝武本纪/target.summary.txt,no,
史记/十二本纪/殷本纪/target.summary.txt,no,
史记/十二本纪/秦始皇本纪/target.summary.txt,no,
史记/十二本纪/秦本纪/target.summary.txt,yes,removed_markdown_summary_header
史记/十二本纪/项羽本纪/target.summary.txt,no,
史记/十二本纪/高祖本纪/target.summary.txt,yes,removed_markdown_summary_header
后汉书/列传/东夷列传/target.summary.txt,no,
后汉书/列传/乌桓鲜卑列传/target.summary.txt,no,
后汉书/列传/任李万邳刘耿列传/target.summary.txt,yes,removed_standalone_intro_line
后汉书/列传/伏侯宋蔡冯赵牟韦列传/target.summary.txt,yes,removed_standalone_intro_line
后汉书/列传/儒林列传上/target.summary.txt,no,
后汉书/列传/儒林列传下/target.summary.txt,no,
后汉书/列传/光武十王列传/target.summary.txt,no,
后汉书/列传/党锢列传/target.summary.txt,yes,removed_markdown_summary_header
后汉书/列传/冯岑贾列传/target.summary.txt,no,
后汉书/列传/列女传/target.summary.txt,no,
后汉书/列传/刘焉袁术吕布列传/target.summary.txt,no,
后汉书/列传/刘玄刘盆子列传/target.summary.txt,no,
后汉书/列传/刘赵淳于江刘周赵列传/target.summary.txt,yes,removed_standalone_intro_line
后汉书/列传/卓鲁魏刘列传/target.summary.txt,no,
后汉书/列传/南匈奴列传/target.summary.txt,no,
后汉书/列传/南蛮西南夷列传/target.summary.txt,yes,removed_markdown_summary_header
后汉书/列传/吴延史卢赵列传/target.summary.txt,yes,removed_markdown_summary_header
后汉书/列传/吴盖陈臧列传/target.summary.txt,yes,removed_markdown_summary_header
后汉书/列传/周黄徐姜申屠列传/target.summary.txt,no,
后汉书/列传/孝明八王列传/target.summary.txt,no,
后汉书/列传/宗室四王三侯列传/target.summary.txt,no,
后汉书/列传/宣张二王杜郭吴承郑赵/target.summary.txt,no,
后汉书/列传/宦者列传/target.summary.txt,no,
后汉书/列传/崔骃列传/target.summary.txt,no,
后汉书/列传/左周黄列传/target.summary.txt,yes,removed_markdown_summary_header
后汉书/列传/张曹郑列传/target.summary.txt,yes,removed_markdown_summary_header
后汉书/列传/张法滕冯度杨列传/target.summary.txt,no,
后汉书/列传/张王种陈列传/target.summary.txt,yes,removed_markdown_summary_header
后汉书/列传/张衡列传/target.summary.txt,no,
后汉书/列传/循吏列传/target.summary.txt,no,
后汉书/列传/文苑列传上/target.summary.txt,no,
后汉书/列传/文苑列传下/target.summary.txt,yes,removed_standalone_intro_line
后汉书/列传/方术列传上/target.summary.txt,yes,removed_markdown_summary_header
后汉书/列传/方术列传下/target.summary.txt,no,
后汉书/列传/朱乐何列传/target.summary.txt,yes,removed_markdown_summary_header
后汉书/列传/朱冯虞郑周列传/target.summary.txt,no,
后汉书/列传/朱景王杜马刘傅坚马列/target.summary.txt,yes,removed_markdown_summary_header
后汉书/列传/李固列传/target.summary.txt,yes,removed_standalone_intro_line
后汉书/列传/李王邓来列传/target.summary.txt,no,
后汉书/列传/李陈庞陈桥列传/target.summary.txt,yes,removed_markdown_summary_header
后汉书/列传/杜栾刘李刘谢列传/target.summary.txt,yes,removed_markdown_summary_header
后汉书/列传/杨李翟应霍爰徐列传/target.summary.txt,yes,removed_markdown_summary_header
后汉书/列传/杨震列传/target.summary.txt,no,
后汉书/列传/桓荣丁鸿列传/target.summary.txt,no,
后汉书/列传/桓谭冯衍列传上/target.summary.txt,yes,removed_markdown_summary_header
后汉书/列传/桓谭冯衍列传下/target.summary.txt,no,
后汉书/列传/梁统列传/target.summary.txt,no,
后汉书/列传/樊宏阴识列传/target.summary.txt,no,
后汉书/列传/独行列传/target.summary.txt,no,
后汉书/列传/王充王符仲长统列传/target.summary.txt,yes,removed_markdown_summary_header
后汉书/列传/王刘张李彭卢列传/target.summary.txt,no,
后汉书/列传/班彪列传上/target.summary.txt,no,
后汉书/列传/班彪列传下/target.summary.txt,no,
后汉书/列传/班梁列传/target.summary.txt,no,
后汉书/列传/申屠刚鲍永郅恽列传/target.summary.txt,yes,removed_standalone_intro_line
后汉书/列传/皇甫嵩朱俊列传/target.summary.txt,no,
后汉书/列传/皇甫张段列传/target.summary.txt,yes,removed_markdown_summary_header
后汉书/列传/窦何列传/target.summary.txt,yes,removed_standalone_intro_line
后汉书/列传/窦融列传/target.summary.txt,no,
后汉书/列传/章帝八王列传/target.summary.txt,no,
后汉书/列传/第五钟离宋寒列传/target.summary.txt,no,
后汉书/列传/耿弇列传/target.summary.txt,no,
后汉书/列传/苏竟杨厚列传上/target.summary.txt,no,
后汉书/列传/荀韩钟陈列传/target.summary.txt,yes,removed_markdown_summary_header
后汉书/列传/董卓列传/target.summary.txt,no,
后汉书/列传/蔡邕列传下/target.summary.txt,no,
后汉书/列传/虞傅盖臧列传/target.summary.txt,yes,removed_standalone_intro_line
后汉书/列传/袁张韩周列传/target.summary.txt,yes,removed_markdown_summary_header
后汉书/列传/袁绍刘表列传上/target.summary.txt,no,
后汉书/列传/袁绍刘表列传下/target.summary.txt,no,
后汉书/列传/西羌传/target.summary.txt,no,
后汉书/列传/逸民列传/target.summary.txt,no,
后汉书/列传/邓寇列传/target.summary.txt,no,
后汉书/列传/邓张徐张胡列传/target.summary.txt,no,
后汉书/列传/郎顗襄楷列传下/target.summary.txt,no,
后汉书/列传/郑孔荀列传/target.summary.txt,yes,removed_markdown_summary_header
后汉书/列传/郑范陈贾张列传/target.summary.txt,yes,removed_markdown_summary_header
后汉书/列传/郭杜孔张廉王苏羊贾陆/target.summary.txt,no,
后汉书/列传/郭符许列传/target.summary.txt,no,
后汉书/列传/郭陈列传/target.summary.txt,no,
后汉书/列传/酷吏列传/target.summary.txt,no,
后汉书/列传/铫期王霸祭遵列传/target.summary.txt,yes,removed_markdown_summary_header
后汉书/列传/陈王列传/target.summary.txt,yes,removed_markdown_summary_header
后汉书/列传/隗嚣公孙述列传/target.summary.txt,yes,removed_markdown_summary_header
后汉书/列传/马援列传/target.summary.txt,no,
后汉书/列传/马融列传上/target.summary.txt,no,
后汉书/本纪/光武帝纪上/target.summary.txt,yes,removed_markdown_summary_header
后汉书/本纪/光武帝纪下/target.summary.txt,no,
后汉书/本纪/孝和孝殇帝纪/target.summary.txt,no,
后汉书/本纪/孝安帝纪/target.summary.txt,no,
后汉书/本纪/孝桓帝纪/target.summary.txt,no,
后汉书/本纪/孝灵帝纪/target.summary.txt,no,
后汉书/本纪/孝献帝纪/target.summary.txt,no,
后汉书/本纪/孝顺孝冲孝质帝纪/target.summary.txt,no,
后汉书/本纪/显宗孝明帝纪/target.summary.txt,no,
后汉书/本纪/皇后纪上/target.summary.txt,no,
后汉书/本纪/皇后纪下/target.summary.txt,yes,removed_markdown_summary_header
后汉书/本纪/肃宗孝章帝纪/target.summary.txt,no,
晋书/列传/第一章/target.summary.txt,yes,removed_markdown_summary_header
晋书/列传/第七章/target.summary.txt,yes,removed_markdown_summary_header
晋书/列传/第三章/target.summary.txt,yes,removed_markdown_summary_header
晋书/列传/第九章/target.summary.txt,no,
晋书/列传/第二章/target.summary.txt,no,
晋书/列传/第五章/target.summary.txt,no,
晋书/列传/第八章/target.summary.txt,yes,removed_markdown_summary_header
晋书/列传/第六章/target.summary.txt,no,
晋书/列传/第十一章/target.summary.txt,no,
晋书/列传/第十七章/target.summary.txt,no,
晋书/列传/第十三章/target.summary.txt,no,
晋书/列传/第十二章/target.summary.txt,no,
晋书/列传/第十五章/target.summary.txt,no,
晋书/列传/第十六章/target.summary.txt,yes,removed_markdown_summary_header
晋书/列传/第十四章/target.summary.txt,no,
晋书/列传/第十章/target.summary.txt,no,
晋书/列传/第四章/target.summary.txt,no,
晋书/帝纪/第一章/target.summary.txt,no,
晋书/帝纪/第七章/target.summary.txt,yes,removed_markdown_summary_header
晋书/帝纪/第三章/target.summary.txt,no,
晋书/帝纪/第九章/target.summary.txt,yes,removed_markdown_summary_header
晋书/帝纪/第二章/target.summary.txt,no,
晋书/帝纪/第五章/target.summary.txt,no,
晋书/帝纪/第八章/target.summary.txt,yes,removed_standalone_intro_line
晋书/帝纪/第六章/target.summary.txt,no,
晋书/帝纪/第十章/target.summary.txt,yes,removed_markdown_summary_header
晋书/帝纪/第四章/target.summary.txt,no,
晋书/志/第一章/target.summary.txt,no,
晋书/志/第七章/target.summary.txt,no,
晋书/志/第三章/target.summary.txt,no,
晋书/志/第九章/target.summary.txt,no,
晋书/志/第二十章/target.summary.txt,no,
晋书/志/第二章/target.summary.txt,no,
晋书/志/第五章/target.summary.txt,yes,removed_standalone_intro_line
晋书/志/第八章/target.summary.txt,no,
晋书/志/第六章/target.summary.txt,no,
晋书/志/第十一章/target.summary.txt,no,
晋书/志/第十七章/target.summary.txt,no,
晋书/志/第十三章/target.summary.txt,no,
晋书/志/第十九章/target.summary.txt,yes,removed_standalone_intro_line
晋书/志/第十二章/target.summary.txt,no,
晋书/志/第十五章/target.summary.txt,no,
晋书/志/第四章/target.summary.txt,yes,removed_markdown_summary_header
梁书/列传/卷七/target.summary.txt,no,
梁书/列传/卷三十/target.summary.txt,no,
梁书/列传/卷三十一/target.summary.txt,no,
梁书/列传/卷三十七/target.summary.txt,no,
梁书/列传/卷三十三/target.summary.txt,no,
梁书/列传/卷三十九/target.summary.txt,no,
梁书/列传/卷三十二/target.summary.txt,no,
梁书/列传/卷三十五/target.summary.txt,no,
梁书/列传/卷三十八/target.summary.txt,no,
梁书/列传/卷三十六/target.summary.txt,no,
梁书/列传/卷三十四/target.summary.txt,no,
梁书/列传/卷九/target.summary.txt,yes,removed_markdown_summary_header
梁书/列传/卷二十/target.summary.txt,no,
梁书/列传/卷二十一/target.summary.txt,yes,removed_standalone_intro_line
梁书/列传/卷二十七/target.summary.txt,yes,removed_markdown_summary_header
梁书/列传/卷二十三/target.summary.txt,no,
梁书/列传/卷二十九/target.summary.txt,no,
梁书/列传/卷二十二/target.summary.txt,yes,removed_markdown_summary_header
梁书/列传/卷二十五/target.summary.txt,no,
梁书/列传/卷二十八/target.summary.txt,no,
梁书/列传/卷二十六/target.summary.txt,no,
梁书/列传/卷二十四/target.summary.txt,no,
梁书/列传/卷五十/target.summary.txt,yes,removed_standalone_intro_line
梁书/列传/卷五十一/target.summary.txt,no,
梁书/列传/卷五十三/target.summary.txt,yes,removed_markdown_summary_header
梁书/列传/卷五十二/target.summary.txt,yes,removed_standalone_intro_line
梁书/列传/卷五十五/target.summary.txt,no,
梁书/列传/卷五十六/target.summary.txt,no,
梁书/列传/卷八/target.summary.txt,no,
梁书/列传/卷十三/target.summary.txt,no,
梁书/列传/卷十九/target.summary.txt,no,
梁书/列传/卷十二/target.summary.txt,no,
梁书/列传/卷十五/target.summary.txt,no,
梁书/列传/卷十八/target.summary.txt,yes,removed_markdown_summary_header
梁书/列传/卷十六/target.summary.txt,no,
梁书/列传/卷十四/target.summary.txt,no,
梁书/列传/卷四十/target.summary.txt,no,
梁书/列传/卷四十一/target.summary.txt,no,
梁书/列传/卷四十七/target.summary.txt,no,
梁书/列传/卷四十三/target.summary.txt,no,
梁书/列传/卷四十九/target.summary.txt,no,
梁书/列传/卷四十二/target.summary.txt,no,
梁书/列传/卷四十五/target.summary.txt,no,
梁书/列传/卷四十八/target.summary.txt,no,
梁书/列传/卷四十六/target.summary.txt,no,
梁书/列传/卷四十四/target.summary.txt,no,
梁书/本纪/卷一/target.summary.txt,no,
梁书/本纪/卷三/target.summary.txt,no,
梁书/本纪/卷二/target.summary.txt,no,
梁书/本纪/卷六/target.summary.txt,no,
梁书/本纪/卷四/target.summary.txt,no,
汉书/传/万石卫直周张传/target.summary.txt,no,
汉书/传/东方朔传/target.summary.txt,no,
汉书/传/严朱吾丘主父徐严终王/target.summary.txt,no,
汉书/传/何武王嘉师丹传/target.summary.txt,no,
汉书/传/佞幸传/target.summary.txt,no,
汉书/传/傅常郑甘陈段传/target.summary.txt,no,
汉书/传/儒林传/target.summary.txt,no,
汉书/传/元后传/target.summary.txt,yes,removed_markdown_summary_header
汉书/传/公孙刘田王杨蔡陈郑传/target.summary.txt,yes,removed_markdown_summary_header
汉书/传/公孙弘卜式儿宽传/target.summary.txt,no,
汉书/传/冯奉世传/target.summary.txt,no,
汉书/传/匈奴传上/target.summary.txt,no,
汉书/传/匈奴传下/target.summary.txt,no,
汉书/传/匡张孔马传/target.summary.txt,yes,removed_markdown_summary_header
汉书/传/卫青霍去病传/target.summary.txt,no,
汉书/传/叙传上/target.summary.txt,no,
汉书/传/叙传下/target.summary.txt,no,
汉书/传/司马相如传上/target.summary.txt,yes,removed_markdown_summary_header
汉书/传/司马相如传下/target.summary.txt,no,
汉书/传/司马迁传/target.summary.txt,no,
汉书/传/外戚传上/target.summary.txt,no,
汉书/传/外戚传下/target.summary.txt,yes,removed_markdown_summary_header
汉书/传/季布栾布田叔传/target.summary.txt,no,
汉书/传/宣元六王传/target.summary.txt,no,
汉书/传/张冯汲郑传/target.summary.txt,no,
汉书/传/张周赵任申屠传/target.summary.txt,no,
汉书/传/张汤传/target.summary.txt,no,
汉书/传/张耳陈馀传/target.summary.txt,no,
汉书/传/张陈王周传/target.summary.txt,no,
汉书/传/张骞李广利传/target.summary.txt,no,
汉书/传/循吏传/target.summary.txt,no,
汉书/传/扬雄传上/target.summary.txt,no,
汉书/传/扬雄传下/target.summary.txt,no,
汉书/传/文三王传/target.summary.txt,no,
汉书/传/景十三王传/target.summary.txt,no,
汉书/传/李广苏建传/target.summary.txt,no,
汉书/传/杜周传/target.summary.txt,no,
汉书/传/杨胡朱梅云传/target.summary.txt,yes,removed_markdown_summary_header
汉书/传/楚元王传/target.summary.txt,no,
汉书/传/樊郦滕灌傅靳周传/target.summary.txt,no,
汉书/传/武五子传/target.summary.txt,yes,removed_markdown_summary_header
汉书/传/淮南衡山济北王传/target.summary.txt,no,
汉书/传/游侠传/target.summary.txt,no,
汉书/传/爰盎晁错传/target.summary.txt,no,
汉书/传/王商史丹傅喜传/target.summary.txt,no,
汉书/传/王莽传上/target.summary.txt,no,
汉书/传/王莽传下/target.summary.txt,yes,removed_markdown_summary_header
汉书/传/王莽传中/target.summary.txt,no,
汉书/传/王贡两龚鲍传/target.summary.txt,no,
汉书/传/盖诸葛刘郑孙毋将何传/target.summary.txt,yes,removed_markdown_summary_header
汉书/传/眭两夏侯京翼李传/target.summary.txt,yes,removed_markdown_summary_header
汉书/传/窦田灌韩传/target.summary.txt,no,
汉书/传/翟方进传/target.summary.txt,no,
汉书/传/荆燕吴传/target.summary.txt,no,
汉书/传/萧何曹参传/target.summary.txt,no,
汉书/传/萧望之传/target.summary.txt,no,
汉书/传/董仲舒传/target.summary.txt,no,
汉书/传/蒯伍江息夫传/target.summary.txt,no,
汉书/传/薛宣朱博传/target.summary.txt,no,
汉书/传/西南夷两粤朝鲜传/target.summary.txt,no,
汉书/传/西域传上/target.summary.txt,no,
汉书/传/西域传下/target.summary.txt,no,
汉书/传/谷永杜邺传/target.summary.txt,no,
汉书/传/货殖传/target.summary.txt,no,
汉书/传/贾谊传/target.summary.txt,no,
汉书/传/贾邹枚路传/target.summary.txt,no,
汉书/传/赵充国辛庆忌传/target.summary.txt,no,
汉书/传/赵尹韩张两王传/target.summary.txt,no,
汉书/传/郦陆朱刘叔孙传/target.summary.txt,yes,removed_markdown_summary_header
汉书/传/酷吏传/target.summary.txt,yes,removed_markdown_summary_header
汉书/传/陈胜项籍传/target.summary.txt,no,
汉书/传/隽疏于薛平彭传/target.summary.txt,no,
汉书/传/霍光金日磾传/target.summary.txt,yes,removed_markdown_summary_header
汉书/传/韦贤传/target.summary.txt,yes,removed_standalone_intro_line
汉书/传/韩彭英卢吴传/target.summary.txt,no,
汉书/传/高五王传/target.summary.txt,yes,removed_markdown_summary_header
汉书/传/魏相丙吉传/target.summary.txt,no,
汉书/传/魏豹田儋韩王信传/target.summary.txt,no,
汉书/志/五行志上/target.summary.txt,no,
汉书/志/刑法志/target.summary.txt,no,
汉书/志/地理志上/target.summary.txt,no,
汉书/志/地理志下/target.summary.txt,yes,removed_standalone_intro_line
汉书/志/天文志/target.summary.txt,no,
汉书/志/律历志上/target.summary.txt,no,
汉书/志/律历志下/target.summary.txt,no,
汉书/志/沟洫志/target.summary.txt,no,
汉书/志/礼乐志/target.summary.txt,yes,removed_standalone_intro_line
汉书/志/艺文志/target.summary.txt,no,
汉书/志/郊祀志上/target.summary.txt,no,
汉书/志/郊祀志下/target.summary.txt,no,
汉书/志/食货志上/target.summary.txt,no,
汉书/志/食货志下/target.summary.txt,no,
汉书/纪/元帝纪/target.summary.txt,no,
汉书/纪/哀帝纪/target.summary.txt,no,
汉书/纪/宣帝纪/target.summary.txt,yes,removed_markdown_summary_header
汉书/纪/惠帝纪/target.summary.txt,no,
汉书/纪/成帝纪/target.summary.txt,no,
汉书/纪/文帝纪/target.summary.txt,no,
汉书/纪/昭帝纪/target.summary.txt,no,
汉书/纪/景帝纪/target.summary.txt,no,
汉书/纪/武帝纪/target.summary.txt,no,
汉书/纪/高后纪/target.summary.txt,no,
汉书/纪/高帝纪上/target.summary.txt,no,
汉书/纪/高帝纪下/target.summary.txt,yes,removed_markdown_summary_header
汉书/表/诸侯王表/target.summary.txt,yes,trimmed_inline_intro_prefix
