relative_path,rules,first_paragraph_preview
史记/七十列传/万石张叔列传/target.summary.txt,generic_history_opening,"The lives of several officials from the Han Dynasty, focusing on their conduct and family traditions. Wan Shijun, originally from Zhao, served under Emperor Gaozu and rose through ranks due to his respectful and cautious nature. He became a tutor to the prince and later a high-ranking official, with his four sons also holding significant posts. His family was renowned for filial piety and prudence, influencing even Confucian scholars. Wan Shijun’s strict household rules included requiring descen"
史记/七十列传/东越列传/target.summary.txt,generic_history_opening,"The history of the Minyue and Dongou kingdoms, descendants of King Goujian of Yue, with the surname Zou. After the Qin Dynasty annexed their lands, they were demoted to rulers and their territory became Minzhong County. During the rebellion against Qin, Wu Zhu and Yao led the Yue people to join Wu Rui and helped destroy Qin, but Xiang Ji refused to make them kings, so they later supported the King of Han against Xiang Ji. In the fifth year of the Han Dynasty, Wu Zhu was reinstated as King of Min"
史记/七十列传/刺客列传/target.summary.txt,generic_history_opening,"The deeds of five assassins from ancient China, spanning over four centuries. Cao Mo of Lu, a general who, after military defeats against Qi, threatened Duke Huan of Qi with a dagger during a peace alliance. Cao Mo forced the duke to promise the return of all occupied Lu lands. Though the duke initially wanted to break the promise, his advisor Guan Zhong convinced him that keeping his word was crucial for maintaining credibility among the feudal lords, and the lands were returned."
史记/七十列传/张丞相列传/target.summary.txt,generic_history_opening,"The lives and careers of several prominent officials in the early Han Dynasty, focusing on their roles, achievements, and interactions with emperors."
史记/七十列传/日者列传/target.summary.txt,generic_history_opening,"The role of divination in ancient China, particularly during the Zhou and Han dynasties. Kings historically received destiny without relying on divination, but by the Han dynasty, diviners had emerged. Lord Sima Ji, a diviner from Chu, practiced in Chang'an's east city. Two officials, Song Zhong and Jia Yi, visited him after discussing governance and saints. They questioned why Sima Ji, despite his wisdom, held a lowly position. Sima Ji defended divination, contrasting it with corrupt officials "
史记/七十列传/老子韩非列传/target.summary.txt,generic_history_opening,"A biographical account of Laozi, a native of Chu State who served as a Zhou dynasty librarian. When Confucius sought his advice on etiquette, Laozi dismissed the topic, noting that its proponents had long since perished, and advised Confucius to abandon arrogance and excessive desires. Confucius later likened Laozi to a dragon, elusive and transcendent. Laozi, observing Zhou's decline, wrote a book of over 5,000 words on morality at the request of a gatekeeper before disappearing. Some claim he "
史记/三十世家/燕召公世家/target.summary.txt,generic_history_opening,"The history of the Yan state, beginning with its founder, Zhao Gongxi, a member of the Zhou royal family granted the title in Northern Yan by King Wu. During King Cheng's reign, Zhao Gong governed west of Shaanxi, while the Duke of Zhou governed the east. Suspicious of the Duke of Zhou's regency, Zhao Gong was appeased by the Duke's historical references to virtuous Yin ministers. Zhao Gong governed the western region with great popularity, famously adjudicating under a Tangli tree, which the pe"
史记/三十世家/管蔡世家/target.summary.txt,generic_history_opening,"The lineage and history of the sons of King Wen of Zhou, focusing on Guan Shuxian and Cai Shudu, younger brothers of King Wu. King Wu had ten brothers from the same mother, Taisi. Among them, only King Wu and Zhou Gongdan were virtuous and talented, leading King Wen to make Fa (King Wu) crown prince. After King Wu conquered the Yin, he enfeoffed lands to his brothers: Shuxian received Guan, Shudu received Cai, and they were made ministers to Wu Geng, son of the Yin king. Zhou Gongdan was enfeoff"
史记/三十世家/陈杞世家/target.summary.txt,generic_history_opening,"The lineage and history of the State of Chen, founded by Duke Hu, a descendant of Emperor Shun. After Shun’s death, his descendants held intermittent titles until King Wu of Zhou enfeoffed Guiman (Duke Hu) in Chen to continue Shun’s sacrifices. The succession of Chen rulers is detailed, including Dukes Shen, Xiang, Xiao, You, Li, Wu, Yi, Ping, Wen, Huan, Li, Zhuang, Xuan, Mu, Gong, Ling, Cheng, Ai, Hui, Huai, and Min. Key events include Duke Li’s son Wan fleeing to Qi after fearing persecution, "
后汉书/列传/章帝八王列传/target.summary.txt,generic_history_opening,"The lives and fates of Emperor Zhang's eight sons, focusing on the lineages of several kings. Liu Qing, King Xiao of Qinghe, was born to Noble Consort Song. His mother and aunt were favored by Emperor Zhang but were framed by Empress Dou after the death of Empress Dowager Ma, leading to their forced suicide. Liu Qing was deposed as crown prince in favor of his half-brother Liu Zhao (Emperor He). Despite this, Liu Qing maintained a close and respectful relationship with Emperor He, who treated hi"
晋书/志/第九章/target.summary.txt,generic_history_opening,"The evolution of ritual and ceremonial systems in ancient China, emphasizing their role in maintaining social order and moral conduct. Humans possess spiritual energy and emotions, and sages established rituals to control arrogance, worship heaven and earth, and define social hierarchies, thereby ensuring good governance. The text references the concept that self-restraint and a return to ritual can lead to universal benevolence."
晋书/志/第二十章/target.summary.txt,generic_history_opening,"A comprehensive historical overview of the evolution of criminal law and punishment in ancient China, emphasizing the tension between benevolent governance and strict legal enforcement. It begins by contrasting ideal governance through etiquette, which fosters integrity, with reliance on criminal law, suggesting that the era of Emperor Wu was inferior to the Fuxi clan's time. The narrative underscores that natural principles govern human emotions and actions, and that benevolent policies, like t"
晋书/志/第十二章/target.summary.txt,generic_history_opening,"The history of music and ritual in China from ancient times to the Jin Dynasty, emphasizing their spiritual and emotional significance. Spirituality and emotion are expressed through chanting and physical movement, with the heart's essence called Tao and its reflection in images called Yong. Music is used to spread sound, praise peace, and mourn chaos. Ancient sages like Shennong and Fuxi created instruments such as harps, bells, and chimes to express the soul and imitate nature. The Yin Shang D"
梁书/列传/卷三十九/target.summary.txt,generic_history_opening,"The lives of several individuals from the Northern Wei Dynasty who later served the Liang Dynasty, focusing on their careers, military actions, and fates."
梁书/列传/卷二十三/target.summary.txt,generic_history_opening,"The lives and careers of several members of the Xiao family, descendants of Gaozu, focusing on their official positions, military campaigns, and personal virtues."
梁书/列传/卷五十二/target.summary.txt,generic_history_opening,"The principles of advance and retreat in officialdom, noting that those who only know how to advance but not retreat will face humiliation and danger. It contrasts the glorious and easy pursuit of advancement, which ignorant people strive for, with the difficult and principled act of retirement, which mediocre people fear. The text mentions historical figures like Moji, who retired after success, and Zheng Guangde, Shuguang, and Shushou, who retired according to court etiquette. It also referenc"
梁书/列传/卷四十六/target.summary.txt,generic_history_opening,"The lives and military careers of several figures from the Liang Dynasty. Hu Sengyou, a brave champion from Nanyang, served Wei and later returned to Liang, where he was appointed to guard Xiangcheng. After its capture, he returned to Wei but eventually came back to Liang, serving as a prefect with good governance. Despite his poor poetry, he remained confident. He was imprisoned for remonstrating against killing barbarian chiefs but was later released to aid Wang Sengbian against Hou Jing. He d"
汉书/传/儒林传/target.summary.txt,generic_history_opening,"The history and transmission of Confucian classics from ancient times through the Han dynasty. Ancient Confucians studied the ""Six Arts,"" a classic of the Wang Sect used by sages to clarify the Tao, correct human relations, and achieve governance. During the decline of Zhou Dao, Confucius emerged after more than two hundred years. Due to his saintly virtue but encountering difficult times, he sighed about the phoenix not coming and the river not flowing out the map. He traveled among princes, en"
汉书/传/司马迁传/target.summary.txt,generic_history_opening,"The lineage of the Sima family, who were descendants of the ancient officials Zhong and Li, responsible for astronomy and geography during the reigns of Zhuanxu, Yao, Shun, and through the Xia and Shang dynasties. During the Western Zhou, their descendant Xiu Fu was named Cheng Bo. By King Xuan of Zhou, they lost their official positions and became the Sima clan, who then served as historians for the Zhou dynasty. During the reigns of King Hui and King Xiang of Zhou, the Sima family moved to Jin"
汉书/志/天文志/target.summary.txt,generic_history_opening,"A comprehensive system of Chinese astronomy, detailing 118 star officials governing 783 stars, which serve as celestial signs for states, officials, and events. Celestial phenomena—including the movements of the five planets (Jupiter, Mars, Saturn, Venus, Mercury), comets, meteors, solar and lunar eclipses, halos, and atmospheric changes—are manifestations of yin and yang, reflecting earthly governance. A wise ruler responds to these signs by correcting policies to avert disasters."
汉书/志/律历志下/target.summary.txt,generic_history_opening,"A comprehensive system of astronomical and calendrical calculations, beginning with a series of defined numerical constants and methods. The ""method number"" is derived from multiplying the original Huang Zhong Chujiu by itself. The ""leap method"" of nineteen is used as the number of years in a chapter. The ""Tongfa"" (1,539) is obtained by multiplying the leap number by the daily number, and the ""Yuanfa"" (4,617) is three times the Tongfa. Other key numbers include the ""Zhang month"" (235), ""Moon Dha"
汉书/志/礼乐志/target.summary.txt,generic_history_opening,"The principles of the ""Six Classics"" share a common goal, with the functions of ""Li"" (ritual) and ""Yue"" (music) being particularly urgent. For individuals, forgetting propriety leads to evil and contempt; for a state, losing it brings desolation and disorder. Ritual and music are made according to the laws of heaven and earth to communicate with gods, establish human ethics, and regulate all things. Specific rituals, such as those for marriage, drinking in the countryside, mourning, and meeting "
汉书/志/郊祀志下/target.summary.txt,generic_history_opening,"The evolution of religious and sacrificial practices during the Han Dynasty, focusing on the reigns of Emperors Wu, Zhao, Xuan, Yuan, Cheng, Ai, and Ping, as well as the usurper Wang Mang. The belief in ghosts and gods in Guangdong, where King Shuou’s reverence for them allegedly extended his life to 160 years, while neglect shortened his descendants’ lives. This led to the construction of temples and divination using chicken bones. Emperor Wu, influenced by alchemists like Gongsun Qing, built p"
